limnotron,treatment,timepoint,date,DIN,DIP,NO3NH4,chla fluorescence (phyto-PAM),conversion factor,chla,eu02,eu230,eu3085,pro02,pro230,pro3085,chytrids,,,,,,,,
1,warm,1,6-3-2014,70.94932191,1.614465612,7.147540984,5.913238391,0.87,5.1445174,278.3333333,138.3333333,135,31.66666667,170,656.6666667,0,,,,,,,,
2,cold,1,6-3-2014,88.15132049,2.034226671,8.148148148,1.365567049,0.87,1.188043333,193.3333333,86.66666667,53.33333333,145,341.6666667,1323.333333,0,,,,,,,,
3,cold,1,6-3-2014,60.59957173,2.034226671,NA,2.094979693,0.87,1.822632333,88.33333333,53.33333333,103.3333333,23.33333333,128.3333333,388.3333333,0,,,,,,,,
5,warm,1,6-3-2014,88.72234118,2.227962544,NA,3.037554023,0.87,2.642672,201.6666667,133.3333333,128.3333333,16.66666667,95,358.3333333,0,,,,,,,,
6,warm,1,6-3-2014,68.59386153,1.840490798,NA,2.661190422,0.87,2.315235667,46.66666667,56.66666667,71.66666667,5,40,163.3333333,0,,,,,,,,
7,cold,1,6-3-2014,87.08065667,2.227962544,9.608695652,1.062477778,0.87,0.924355667,36.66666667,31.66666667,26.66666667,16.66666667,55,363.3333333,0,,,,,,,,
8,warm,1,6-3-2014,114.0613847,2.906038101,6.910891089,2.274834866,0.87,1.979106333,75,40,58.33333333,18.33333333,55,315,0,,,,,,,,
9,cold,1,6-3-2014,108.2084226,4.100742654,4.898832685,1.885148659,0.87,1.640079333,33.33333333,11.66666667,26.66666667,8.333333333,56.66666667,203.3333333,0,,,,,,,,
1,warm,2,10-3-2014,106.2812277,1.614465612,12.17699115,9.479033716,0.87,8.246759333,421.6666667,218.3333333,280,20,178.3333333,405,NA,,,,,,,,
2,cold,2,10-3-2014,66.30977873,1.194704553,NA,2.438036782,0.87,2.121092,173.3333333,111.6666667,83.33333333,16.66666667,80,613.3333333,NA,,,,,,,,
3,cold,2,10-3-2014,79.15774447,1.29157249,NA,8.996089272,0.87,7.826597667,16.66666667,11.66666667,11.66666667,0,8.333333333,36.66666667,NA,,,,,,,,
5,warm,2,10-3-2014,55.88865096,0.774943494,NA,6.844488506,0.87,5.954705,46.66666667,35,65,15,28.33333333,51.66666667,NA,,,,,,,,
6,warm,2,10-3-2014,89.72162741,1.097836616,NA,9.23922682,0.87,8.038127333,460,375,418.3333333,21.66666667,108.3333333,426.6666667,NA,,,,,,,,
7,cold,2,10-3-2014,70.66381156,1.226993865,NA,5.01596092,0.87,4.363886,93.33333333,51.66666667,145,15,123.3333333,281.6666667,NA,,,,,,,,
8,warm,2,10-3-2014,78.51534618,1.162415241,10,7.144247126,0.87,6.215495,145,68.33333333,71.66666667,1.666666667,28.33333333,118.3333333,NA,,,,,,,,
9,cold,2,10-3-2014,79.15774447,1.356151114,5.93125,4.916041379,0.87,4.276956,45,35,33.33333333,8.333333333,41.66666667,131.6666667,NA,,,,,,,,
1,warm,3,13-3-2014,40.61384725,0,NA,18.16537241,0.87,15.803874,108.3333333,43.33333333,53.33333333,20,51.66666667,51.66666667,12.4074,,,,,,,,
2,cold,3,13-3-2014,66.4525339,0.645786245,NA,3.313998084,0.87,2.883178333,118.3333333,71.66666667,56.66666667,5,35,196.6666667,0,,,,,,,,
3,cold,3,13-3-2014,33.69022127,0,NA,27.89753563,0.87,24.270856,68.33333333,68.33333333,165,5,80,185,0,,,,,,,,
5,warm,3,13-3-2014,62.88365453,0.355182435,NA,16.20028813,0.87,14.09425067,165,156.6666667,306.6666667,3.333333333,76.66666667,168.3333333,0,,,,,,,,
6,warm,3,13-3-2014,42.89793005,0.322893122,NA,23.87410882,0.87,20.77047467,696.6666667,760,1083.333333,33.33333333,190,503.3333333,0,,,,,,,,
7,cold,3,13-3-2014,67.23768737,0.678075557,NA,15.53082721,0.87,13.51181967,83.33333333,41.66666667,45,5,70,116.6666667,0,,,,,,,,
8,warm,3,13-3-2014,67.09493219,0.452050371,NA,16.33018353,0.87,14.20725967,920,553.3333333,505,43.33333333,266.6666667,616.6666667,0,,,,,,,,
9,cold,3,13-3-2014,51.89150607,0.548918308,6.27,13.13608889,0.87,11.42839733,270,170,365,41.66666667,425,701.6666667,2.6316,,,,,,,,
1,warm,4,17-3-2014,17.55888651,0,NA,31.1649046,0.87,27.113467,818.3333333,528.3333333,420,23.33333333,128.3333333,420,0,,,,,,,,
2,cold,4,17-3-2014,47.96573876,0,NA,11.26426284,0.87,9.799908667,1540,798.3333333,1555,100,340,1946.666667,0,,,,,,,,
3,cold,4,17-3-2014,19.77159172,0,NA,52.87742069,0.87,46.003356,1283.333333,993.3333333,1553.333333,33.33333333,156.6666667,338.3333333,0,,,,,,,,
5,warm,4,17-3-2014,15.3461813,0,NA,31.07497701,0.87,27.03523,980,1145,1666.666667,33.33333333,158.3333333,290,0.6494,,,,,,,,
6,warm,4,17-3-2014,0,0,NA,39.29835517,0.87,34.189569,1445,1265,2028.333333,30,90,230,0,,,,,,,,
7,cold,4,17-3-2014,37.4732334,0,NA,25.15307893,0.87,21.88317867,971.6666667,813.3333333,935,76.66666667,131.6666667,278.3333333,1.7391,,,,,,,,
8,warm,4,17-3-2014,37.61598858,0,NA,21.18960383,0.87,18.43495533,1501.666667,825,1080,53.33333333,176.6666667,298.3333333,0,,,,,,,,
9,cold,4,17-3-2014,67.52319772,0,NA,23.07475249,0.87,20.07503467,1126.666667,785,798.3333333,28.33333333,190,466.6666667,0,,,,,,,,
1,warm,5,20-3-2014,14.63240542,0,NA,29.6860954,0.87,25.826903,1885,1704.444444,6955.555556,61.66666667,1017.777778,1938.888889,1.9289,,,,,,,,
2,cold,5,20-3-2014,44.68236974,0,NA,20.48017509,0.87,17.81775233,1320,1323.333333,1158.888889,45.55555556,607.7777778,900,3.5714,,,,,,,,
3,cold,5,20-3-2014,0,0,NA,56.69101647,0.87,49.32118433,356.6666667,453.3333333,1581.666667,11.66666667,78.33333333,236.6666667,0.2392,,,,,,,,
5,warm,5,20-3-2014,0,0,NA,31.97092222,0.87,27.81470233,1390,2411.666667,4096.666667,60,852.5,1078.333333,1.8624,,,,,,,,
6,warm,5,20-3-2014,0,0,NA,19.55092337,0.87,17.00930333,986.6666667,1251.666667,2016.666667,60,250,763.3333333,0,,,,,,,,
7,cold,5,20-3-2014,19.48608137,0,NA,36.45397893,0.87,31.71496167,401.6666667,420,675,45,196.6666667,501.6666667,0.266,,,,,,,,
8,warm,5,20-3-2014,20.91363312,0,NA,19.27447931,0.87,16.768797,925,798.3333333,1370,73.33333333,316.6666667,506.6666667,0,,,,,,,,
9,cold,5,20-3-2014,30.76374019,0,NA,30.75523448,0.87,26.757054,1198.333333,1375,2210,76.66666667,603.3333333,1628.333333,2.1277,,,,,,,,
1,warm,6,24-3-2014,7.780157031,0,0,44.29433218,0.87,38.536069,530,546.6666667,1786.666667,26.66666667,185,526.6666667,0.237,,,,,,,,
2,cold,6,24-3-2014,33.47608851,0.355182435,NA,21.52599962,0.87,18.72761967,1606.666667,1058.333333,928.3333333,20,275,491.6666667,0.9259,,,,,,,,
3,cold,6,24-3-2014,0,0,NA,52.09804828,0.87,45.325302,841.6666667,941.6666667,3363.333333,31.66666667,265,2225,0.4608,,,,,,,,
5,warm,6,24-3-2014,0,0,NA,29.57118793,0.87,25.7269335,758.3333333,1521.666667,3003.333333,26.66666667,326.6666667,666.6666667,0.2451,,,,,,,,
6,warm,6,24-3-2014,0,0,NA,16.26690115,0.87,14.152204,753.3333333,1295,1661.666667,25,343.3333333,578.3333333,0,,,,,,,,
7,cold,6,24-3-2014,0,0,NA,38.9886046,0.87,33.920086,715,696.6666667,3073.333333,21.66666667,280,880,0.2326,,,,,,,,
8,warm,6,24-3-2014,0,0,NA,29.70607931,0.87,25.844289,331.6666667,358.3333333,483.3333333,8.333333333,120,200,0,,,,,,,,
9,cold,6,24-3-2014,34.76088508,0,NA,22.96151034,0.87,19.976514,1113.333333,1066.666667,1750,45,421.6666667,1183.333333,0,,,,,,,,
1,warm,7,27-3-2014,0,0,NA,35.61632011,0.87,30.9861985,310,151.6666667,390,0,36.66666667,116.6666667,0.9662,,,,,,,,
2,cold,7,27-3-2014,19.41470378,0,NA,22.15216207,0.87,19.272381,1960,1205,1773.333333,61.66666667,425,911.6666667,0,,,,,,,,
3,cold,7,27-3-2014,0,0,NA,43.01536207,0.87,37.423365,605,661.6666667,3813.333333,3.333333333,125,370,0.9155,,,,,,,,
5,warm,7,27-3-2014,0,0,NA,26.14894368,0.87,22.749581,678.3333333,1523.333333,2913.333333,26.66666667,261.6666667,421.6666667,0.2427,,,,,,,,
6,warm,7,27-3-2014,0,0,NA,17.52588736,0.87,15.247522,921.6666667,1800,2688.333333,21.66666667,396.6666667,888.3333333,0,,,,,,,,
7,cold,7,27-3-2014,0,0,NA,39.51817816,0.87,34.380815,1850,2803.333333,17941.66667,55,571.6666667,1486.666667,0,,,,,,,,
8,warm,7,27-3-2014,0,0,NA,32.88352069,0.87,28.608663,1156.666667,1625,4948.333333,13.33333333,355,986.6666667,0,,,,,,,,
9,cold,7,27-3-2014,28.4082798,0,NA,27.91751954,0.87,24.288242,1595,1430,4905,35,436.6666667,980,0,,,,,,,,
1,warm,8,31-3-2014,5.353319058,0,NA,32.07750307,0.87,27.90742767,578.3333333,336.6666667,1510,86.66666667,151.6666667,1005,3.1542,,,,,,,,
2,cold,8,31-3-2014,12.06281228,0.419761059,NA,24.12057701,0.87,20.984902,1526.666667,663.3333333,941.6666667,11.66666667,153.3333333,220,0,,,,,,,,
3,cold,8,31-3-2014,3.568879372,0,NA,37.29996437,0.87,32.450969,1028.333333,775,5161.666667,25,195,1088.333333,4.6809,,,,,,,,
5,warm,8,31-3-2014,0,0,NA,25.2097,0.87,21.932439,1443.333333,2031.666667,3845,65,571.6666667,1016.666667,1.9355,,,,,,,,
6,warm,8,31-3-2014,0,0,NA,19.7540931,0.87,17.186061,1150,2250,6348.333333,58.33333333,615,1083.333333,0.2439,,,,,,,,
7,cold,8,31-3-2014,0,0,NA,35.97603046,0.87,31.2991465,1171.666667,1005,4516.666667,58.33333333,273.3333333,1348.333333,0.25,,,,,,,,
8,warm,8,31-3-2014,0,0,NA,34.1624908,0.87,29.721367,991.6666667,708.3333333,3210,28.33333333,276.6666667,908.3333333,0.7358,,,,,,,,
9,cold,8,31-3-2014,8.137044968,0,NA,38.0543569,0.87,33.1072905,1758.333333,1996.666667,15025,45,420,875,0.68,,,,,,,,
1,warm,9,3-4-2014,0,0,NA,36.30576494,0.87,31.5860155,2233.333333,955,6451.666667,68.33333333,771.6666667,1065,9.8557,,,,,,,,
2,cold,9,3-4-2014,0,0,NA,26.77843678,0.87,23.29724,2751.666667,3118.333333,6186.666667,45,890,265,0,,,,,,,,
3,cold,9,3-4-2014,0,0,NA,37.03018161,0.87,32.216258,1025,1293.333333,6185,20,435,426.6666667,9.8244,,,,,,,,
5,warm,9,3-4-2014,0,0,NA,23.59599943,0.87,20.5285195,1230,2505,5681.666667,63.33333333,623.3333333,421.6666667,6.0216,,,,,,,,
6,warm,9,3-4-2014,0,0,NA,22.17214598,0.87,19.289767,893.3333333,2031.666667,5893.333333,28.33333333,480,293.3333333,0.8465,,,,,,,,
7,cold,9,3-4-2014,0,0,NA,38.45903103,0.87,33.459357,1036.666667,1231.666667,9741.666667,23.33333333,426.6666667,441.6666667,0.9627,,,,,,,,
8,warm,9,3-4-2014,0,0,NA,31.83436552,0.87,27.695898,1426.666667,973.3333333,5415,23.33333333,298.3333333,231.6666667,2.5654,,,,,,,,
9,cold,9,3-4-2014,0,0,NA,47.51174138,0.87,41.335215,1023.333333,1578.333333,7286.666667,15,301.6666667,223.3333333,1.2283,,,,,,,,
1,warm,10,7-4-2014,0,0,NA,23.2762569,0.87,20.2503435,1903.333333,773.3333333,3560,91.66666667,773.3333333,1658.333333,14.5535,,,,,,,,
2,cold,10,7-4-2014,0,0,NA,24.78670728,0.87,21.56443533,2895,2671.666667,6391.666667,35,708.3333333,405,0,,,,,,,,
3,cold,10,7-4-2014,0,0,NA,24.84998966,0.87,21.619491,1108.333333,1283.333333,6138.333333,23.33333333,646.6666667,1341.666667,15.3315,,,,,,,,
5,warm,10,7-4-2014,0,0,NA,13.45916207,0.87,11.709471,1126.666667,1718.333333,3551.666667,38.33333333,801.6666667,818.3333333,21.1102,,,,,,,,
6,warm,10,7-4-2014,0,0,NA,12.26512356,0.87,10.6706575,836.6666667,1353.333333,4008.333333,20,528.3333333,563.3333333,0.9341,,,,,,,,
7,cold,10,7-4-2014,0,0,NA,27.48286954,0.87,23.9100965,1248.333333,1308.333333,10486.66667,25,483.3333333,630,4.1116,,,,,,,,
8,warm,10,7-4-2014,0,0,NA,23.96736705,0.87,20.85160933,2065,1400,5943.333333,40,486.6666667,463.3333333,7.2076,,,,,,,,
9,cold,10,7-4-2014,0,0,NA,44.75063141,0.87,38.93304933,1771.666667,1970,14096.66667,25,440,405,2.9375,,,,,,,,
1,warm,11,10-4-2014,12.06281228,0,0,18.18868698,0.87,15.82415767,2080,1415,4808.333333,38.33333333,271.6666667,713.3333333,35.1222,,,,,,,,
2,cold,11,10-4-2014,0,0,NA,23.76086667,0.87,20.671954,2315,1751.666667,4785,15,393.3333333,188.3333333,0.7057,,,,,,,,
3,cold,11,10-4-2014,0,0,NA,18.33523563,0.87,15.951655,813.3333333,838.3333333,4115,8.333333333,325,508.3333333,19.6035,,,,,,,,
5,warm,11,10-4-2014,0,0,NA,8.140111877,0.87,7.081897333,583.3333333,1036.666667,1390,26.66666667,166.6666667,286.6666667,41.6667,,,,,,,,
6,warm,11,10-4-2014,0,0,NA,9.802106897,0.87,8.527833,716.6666667,1423.333333,3023.333333,25,211.6666667,333.3333333,2.7979,,,,,,,,
7,cold,11,10-4-2014,0,0,NA,28.85343256,0.87,25.10248633,876.6666667,840,6295,15,353.3333333,321.6666667,6.6617,,,,,,,,
8,warm,11,10-4-2014,0,0,NA,17.21280613,0.87,14.97514133,1348.333333,1011.666667,3586.666667,26.66666667,226.6666667,298.3333333,21.6508,,,,,,,,
9,cold,11,10-4-2014,0,0,NA,41.48326245,0.87,36.09043833,1270,1031.666667,8346.666667,26.66666667,433.3333333,355,7.5817,,,,,,,,
1,warm,12,14-4-2014,0,0,NA,13.96875172,0.87,12.152814,1608.333333,978.3333333,2123.333333,15,163.3333333,466.6666667,25.6065,,,,,,,,
2,cold,12,14-4-2014,0,0,NA,25.62436609,0.87,22.2931985,2741.666667,1550,4125,8.333333333,251.6666667,183.3333333,1.4851,,,,,,,,
3,cold,12,14-4-2014,0,0,NA,15.69735977,0.87,13.656703,750,890,2675,11.66666667,486.6666667,566.6666667,27.7073,,,,,,,,
5,warm,12,14-4-2014,0,0,NA,6.504762069,0.87,5.659143,773.3333333,1506.666667,1161.666667,31.66666667,356.6666667,588.3333333,39.4444,,,,,,,,
6,warm,12,14-4-2014,0,0,NA,12.93458448,0.87,11.2530885,763.3333333,1653.333333,3068.333333,30,276.6666667,353.3333333,6.5754,,,,,,,,
7,cold,12,14-4-2014,0,0,NA,27.57279713,0.87,23.9883335,1370,1303.333333,7111.666667,15,545,485,19.5412,,,,,,,,
8,warm,12,14-4-2014,0,0,NA,13.46915402,0.87,11.718164,1316.666667,1586.666667,3130,25,368.3333333,718.3333333,47.0882,,,,,,,,
9,cold,12,14-4-2014,0,0,NA,34.50221724,0.87,30.016929,2103.333333,1580,10075,23.33333333,568.3333333,571.6666667,16.7601,,,,,,,,
1,warm,13,17-4-2014,0,0,NA,10.49488238,0.87,9.130547667,1077.5,230,540,795,1067.5,1290,23.3729,,,,,,,,
2,cold,13,17-4-2014,0,0,NA,23.93406054,0.87,20.82263267,1847.5,450,2980,3105,2547.5,4825,3.6399,,,,,,,,
3,cold,13,17-4-2014,0,0,NA,15.09118123,0.87,13.12932767,615,252.5,992.5,602.5,2065,2575,29.8481,,,,,,,,
5,warm,13,17-4-2014,0,0,NA,4.832775095,0.87,4.204514333,432.5,405,395,112.5,1277.5,1015,28.7815,,,,,,,,
6,warm,13,17-4-2014,0,0,NA,8.696330652,0.87,7.565807667,587.5,440,1222.5,105,1140,1250,8.9364,,,,,,,,
7,cold,13,17-4-2014,0,0,NA,20.44353793,0.87,17.785878,900,352.5,1705,760,1765,4670,32.7154,,,,,,,,
8,warm,13,17-4-2014,0,0,NA,9.505678928,0.87,8.269940667,832.5,277.5,427.5,337.5,1192.5,1652.5,53.751,,,,,,,,
9,cold,13,17-4-2014,0,0,NA,26.37209732,0.87,22.94372467,1547.5,420,5802.5,997.5,1987.5,2732.5,27.1416,,,,,,,,
1,warm,14,22-4-2014,0,0,NA,7.184214943,0.87,6.250267,1440,367.5,565,535,1337.5,887.5,26.015,,,,,,,,
2,cold,14,22-4-2014,0,0,NA,21.62258851,0.87,18.811652,3150,530,3997.5,2565,1937.5,1700,2.9156,,,,,,,,
3,cold,14,22-4-2014,0,0,NA,10.19512376,0.87,8.869757667,840,345,1432.5,437.5,2562.5,1090,26.8118,,,,,,,,
5,warm,14,22-4-2014,0,0,NA,2.551278928,0.87,2.219612667,330,347.5,185,52.5,625,510,46.875,,,,,,,,
6,warm,14,22-4-2014,0,0,NA,6.098422606,0.87,5.305627667,427.5,560,807.5,77.5,640,465,10.25,,,,,,,,
7,cold,14,22-4-2014,0,0,NA,13.25932299,0.87,11.535611,1442.5,665,2595,110,1012.5,1077.5,36.969,,,,,,,,
8,warm,14,22-4-2014,0,0,NA,4.51969387,0.87,3.932133667,627.5,347.5,447.5,85,802.5,487.5,40.6178,,,,,,,,
9,cold,14,22-4-2014,0,0,NA,18.05546092,0.87,15.708251,1605,387.5,2587.5,542.5,1200,1522.5,30.4901,,,,,,,,
1,warm,15,24-4-2014,0,0,NA,6.334898851,0.87,5.511362,332.5,165,100,380,580,700,24.0207,,,,,,,,
2,cold,15,24-4-2014,0,0,NA,18.17869502,0.87,15.81546467,3115,657.5,2742.5,2370,1800,2282.5,7.6363,,,,,,,,
3,cold,15,24-4-2014,0,0,NA,9.6855341,0.87,8.426414667,680,222.5,495,320,1512.5,1020,46.0428,,,,,,,,
5,warm,15,24-4-2014,0,0,NA,2.278165517,0.87,1.982004,230,265,90,20,325,312.5,62.5,,,,,,,,
6,warm,15,24-4-2014,0,0,NA,4.676234483,0.87,4.068324,325,332.5,485,60,532.5,432.5,24.6212,,,,,,,,
7,cold,15,24-4-2014,0,0,NA,9.675542146,0.87,8.417721667,897.5,242.5,875,320,755,912.5,55.087,,,,,,,,
8,warm,15,24-4-2014,0,0,NA,2.667851724,0.87,2.321031,275,197.5,177.5,30,337.5,292.5,52.7569,,,,,,,,
9,cold,15,24-4-2014,0,0,NA,13.57573486,0.87,11.81088933,1285,262.5,1415,582.5,1085,1225,44.9802,,,,,,,,
1,warm,16,28-4-2014,0,0,NA,7.837022606,0.87,6.818209667,1047.5,442.5,332.5,165,917.5,815,10.5217,,,,,,,,
2,cold,16,28-4-2014,0,0,NA,16.58664368,0.87,14.43038,4037.5,575,2882.5,1595,1652.5,1487.5,9.1363,,,,,,,,
3,cold,16,28-4-2014,0,0,NA,7.886982376,0.87,6.861674667,902.5,305,865,252.5,1755,1307.5,20.8333,,,,,,,,
5,warm,16,28-4-2014,0,0,NA,2.547948276,0.87,2.216715,202.5,310,77.5,37.5,325,310,0,,,,,,,,
6,warm,16,28-4-2014,0,0,NA,4.596298851,0.87,3.99878,470,600,270,35,627.5,647.5,30.9524,,,,,,,,
7,cold,16,28-4-2014,0,0,NA,7.214190805,0.87,6.276346,960,315,775,217.5,777.5,682.5,38.4743,,,,,,,,
8,warm,16,28-4-2014,0,0,NA,2.937634483,0.87,2.555742,395,282.5,165,22.5,365,327.5,13.6364,,,,,,,,
9,cold,16,28-4-2014,0,0,NA,8.416555939,0.87,7.322403667,1360,215,982.5,580,1235,1227.5,58.2011,,,,,,,,
1,warm,17,1-5-2014,0,0,NA,4.869412261,0.87,4.236388667,742.5,370,272.5,82.5,647.5,765,22.4311,,,,,,,,
2,cold,17,1-5-2014,0,0,NA,9.342477011,0.87,8.127955,4327.5,487.5,2687.5,2157.5,1730,1427.5,14.0356,,,,,,,,
3,cold,17,1-5-2014,0,0,NA,6.759556897,0.87,5.8808145,975,432.5,1000,50,1152.5,527.5,26.5351,,,,,,,,
5,warm,17,1-5-2014,0,0,NA,2.627883908,0.87,2.286259,455,467.5,142.5,55,415,402.5,22.2222,,,,,,,,
6,warm,17,1-5-2014,0,0,NA,4.351495977,0.87,3.7858015,445,437.5,202.5,70,510,512.5,41.6667,,,,,,,,
7,cold,17,1-5-2014,0,0,NA,5.785341379,0.87,5.033247,1062.5,415,1007.5,302.5,1102.5,662.5,44.7612,,,,,,,,
8,warm,17,1-5-2014,0,0,NA,3.177441379,0.87,2.764374,510,385,120,30,410,290,30.5195,,,,,,,,
9,cold,17,1-5-2014,0,0,NA,6.504762069,0.87,5.659143,1802.5,382.5,1240,405,1527.5,942.5,50.0674,,,,,,,,
1,warm,18,6-5-2014,0,0,NA,4.869412261,0.87,4.236388667,427.5,287.5,237.5,45,325,387.5,20,,,,,,,,
2,cold,18,6-5-2014,0,0,NA,11.02445594,0.87,9.591276667,4067.5,425,1225,785,987.5,742.5,23.8826,,,,,,,,
3,cold,18,6-5-2014,0,0,NA,9.978631417,0.87,8.681409333,757.5,422.5,622.5,100,762.5,512.5,27.8195,,,,,,,3,7
5,warm,18,6-5-2014,0,0,NA,3.320659387,0.87,2.888973667,385,447.5,105,82.5,287.5,290,0,,,,,,,,
6,warm,18,6-5-2014,0,0,NA,3.060868583,0.87,2.662955667,427.5,447.5,202.5,67.5,490,725,5.5556,,,,,,,,
7,cold,18,6-5-2014,0,0,NA,5.668768583,0.87,4.931828667,757.5,267.5,572.5,177.5,930,452.5,21.875,,,,,,,,
8,warm,18,6-5-2014,0,0,NA,2.68450498,0.87,2.335519333,340,335,125,45,357.5,380,11.1111,,,,,,,,
9,cold,18,6-5-2014,0,0,NA,5.685421839,0.87,4.946317,887.5,227.5,375,102.5,762.5,495,27.7778,,,,,,,,
1,warm,19,8-5-2014,0,0,NA,4.736186207,0.87,4.120482,522.5,442.5,240,110,357.5,507.5,0,,,,,,,,
2,cold,19,8-5-2014,0,0,NA,9.58561456,0.87,8.339484667,3695,457.5,942.5,887.5,950,655,43.3218,,,,,,,,
3,cold,19,8-5-2014,0,0,NA,10.99114943,0.87,9.5623,665,580,587.5,95,817.5,447.5,32.0061,,,,,,,,
5,warm,19,8-5-2014,0,0,NA,2.661190422,0.87,2.315235667,262.5,395,115,32.5,217.5,280,0,,,,,,,,
6,warm,19,8-5-2014,0,0,NA,3.45388544,0.87,3.004880333,327.5,530,155,40,327.5,497.5,0,,,,,,,,
7,cold,19,8-5-2014,0,0,NA,3.217409195,0.87,2.799146,685,395,420,70,705,327.5,21.4615,,,,,,,,
8,warm,19,8-5-2014,10.84939329,0,0,0.706098084,0.87,0.614305333,392.5,427.5,160,65,347.5,382.5,12.5,,,,,,,,
9,cold,19,8-5-2014,0,0,NA,5.269090422,0.87,4.584108667,807.5,357.5,320,75,700,420,40.7407,,,,,,,,
1,warm,20,12-5-2014,0,0,NA,3.966805747,0.87,3.451121,380,452.5,142.5,67.5,262.5,397.5,7.1429,,,,,,,,
2,cold,20,12-5-2014,0,0,NA,7.340755555,0.87,6.386457333,3747.5,760,492.5,282.5,857.5,575,37.1341,,,,,,,,
3,cold,20,12-5-2014,0,0,NA,18.85148659,0.87,16.40079333,457.5,1287.5,670,57.5,662.5,547.5,33.1818,,,,,,,,
5,warm,20,12-5-2014,0,0,NA,3.850232951,0.87,3.349702667,227.5,377.5,127.5,55,240,285,0,,,,,,,,
6,warm,20,12-5-2014,0,0,NA,3.920176629,0.87,3.410553667,447.5,612.5,155,70,322.5,477.5,0,,,,,,,,
7,cold,20,12-5-2014,0,0,NA,3.940160537,0.87,3.427939667,570,492.5,477.5,85,770,645,29.1667,,,,,,,,
8,warm,20,12-5-2014,0,0,NA,2.871021456,0.87,2.497788667,500,402.5,132.5,67.5,265,265,0,,,,,,,,
9,cold,20,12-5-2014,0,0,NA,4.253241762,0.87,3.700320333,632.5,315,265,92.5,640,530,22.9167,,,,,,,,
1,warm,21,15-5-2014,25.12491078,0,0,4.696218391,0.87,4.08571,497.5,507.5,280,120,352.5,547.5,5.5556,,,,,,,,
2,cold,21,15-5-2014,0,0,NA,3.846902299,0.87,3.346805,3130,947.5,480,285,690,482.5,50,,,,,,,,
3,cold,21,15-5-2014,0,0,NA,8.063506897,0.87,7.015251,527.5,1000,537.5,72.5,505,460,22.4599,,,,,,,,
5,warm,21,15-5-2014,0,0,NA,2.75777931,0.87,2.399268,227.5,462.5,105,72.5,232.5,255,0,,,,,,,,
6,warm,21,15-5-2014,0,0,NA,2.817731034,0.87,2.451426,540,535,107.5,105,307.5,382.5,0,,,,,,,,
7,cold,21,15-5-2014,0,0,NA,3.350635249,0.87,2.915052667,657.5,570,332.5,65,607.5,425,39.3357,,,,,,,,
8,warm,21,15-5-2014,0,0,NA,1.858503448,0.87,1.616898,865,630,105,85,292.5,267.5,0,,,,,,,,
9,cold,21,15-5-2014,0,0,NA,2.511311111,0.87,2.184840667,620,467.5,245,92.5,622.5,525,28.2143,,,,,,,,
1,warm,22,19-5-2014,0,0,NA,5.295735632,0.87,4.60729,405,832.5,272.5,97.5,895,1117.5,18.75,,,,,,,,
2,cold,22,19-5-2014,0,0,NA,6.078438698,0.87,5.288241667,1505,605,235,1262.5,1917.5,1215,27.7778,,,,,,,,
3,cold,22,19-5-2014,0,0,NA,8.429878544,0.87,7.333994333,330,625,377.5,75,982.5,982.5,24.359,,,,,,,,
5,warm,22,19-5-2014,0,0,NA,3.950152491,0.87,3.436632667,297.5,562.5,157.5,50,390,512.5,0,,,,,,,,
6,warm,22,19-5-2014,0,0,NA,2.308141379,0.87,2.008083,450,612.5,100,80,750,667.5,0,,,,,,,,
7,cold,22,19-5-2014,0,0,NA,2.401399617,0.87,2.089217667,440,340,190,80,925,632.5,14.8352,,,,,,,,
8,warm,22,19-5-2014,0,0,NA,2.784424521,0.87,2.422449333,825,715,145,32.5,552.5,685,0,,,,,,,,
9,cold,22,19-5-2014,0,0,NA,2.214883141,0.87,1.926948333,560,322.5,257.5,105,1195,1080,18.75,,,,,,,,
1,warm,23,22-5-2014,7.637401856,0,0,6.254963218,0.87,5.441818,345,1765,277.5,65,800,965,0,,,,,,,,
2,cold,23,22-5-2014,0,0,NA,3.244054406,0.87,2.822327333,1230,587.5,332.5,580,1695,1010,6.25,,,,,,,,
3,cold,23,22-5-2014,0,0,NA,13.70896092,0.87,11.926796,290,345,257.5,55,2102.5,1070,0,,,,,,,,
5,warm,23,22-5-2014,0,0,NA,4.44641954,0.87,3.868385,357.5,277.5,52.5,65,965,647.5,0,,,,,,,,
6,warm,23,22-5-2014,0,0,NA,6.618004215,0.87,5.757663667,400,735,70,90,1460,1025,0,,,,,,,,
7,cold,23,22-5-2014,0,0,NA,2.701158238,0.87,2.350007667,305,195,102.5,72.5,845,677.5,10,,,,,,,,
8,warm,23,22-5-2014,0,0,NA,3.980128353,0.87,3.462711667,505,687.5,185,55,525,587.5,0,,,,,,,,
9,cold,23,22-5-2014,0,0,NA,3.140804215,0.87,2.732499667,437.5,307.5,280,100,880,925,0,,,,,,,,
1,warm,24,26-5-2014,0,0,NA,5.53887318,0.87,4.818819667,840,1030,62.5,147.5,1037.5,745,0,,,,,,,,
2,cold,24,26-5-2014,0,0,NA,1.791890422,0.87,1.558944667,802.5,517.5,230,272.5,1527.5,1015,10,,,,,,,,
3,cold,24,26-5-2014,0,0,NA,3.337312644,0.87,2.903462,270,355,187.5,37.5,752.5,842.5,0,,,,,,,,
5,warm,24,26-5-2014,0,0,NA,3.457216092,0.87,3.007778,352.5,665,312.5,77.5,352.5,710,0,,,,,,,,
6,warm,24,26-5-2014,0,0,NA,6.311584291,0.87,5.491078333,390,2527.5,197.5,55,452.5,507.5,0,,,,,,,,
7,cold,24,26-5-2014,0,0,NA,2.078326437,0.87,1.808144,365,502.5,292.5,50,477.5,747.5,15.4762,,,,,,,,
8,warm,24,26-5-2014,7.209136331,0,0,2.234867049,0.87,1.944334333,442.5,772.5,222.5,37.5,422.5,565,0,,,,,,,,
9,cold,24,26-5-2014,0,0,NA,2.58125479,0.87,2.245691667,490,487.5,275,82.5,735,1017.5,0,,,,,,,,
1,warm,25,29-5-2014,8.779443255,0,0,3.826918391,0.87,3.329419,487.5,1245,415,52.5,557.5,620,0,,,,,,,,
2,cold,25,29-5-2014,0,0,NA,2.70781954,0.87,2.355803,655,660,217.5,165,1255,1207.5,0,,,,,,,,
3,cold,25,29-5-2014,0,0,NA,3.417248276,0.87,2.973006,267.5,685,277.5,27.5,690,1125,0,,,,,,,,
5,warm,25,29-5-2014,0,0,NA,1.745261302,0.87,1.518377333,195,200,40,17.5,252.5,272.5,0,,,,,,,,
6,warm,25,29-5-2014,0,0,NA,4.236588506,0.87,3.685832,635,1985,437.5,72.5,737.5,817.5,0,,,,,,,,
7,cold,25,29-5-2014,0,0,NA,5.089235249,0.87,4.427634667,435,795,180,42.5,760,832.5,0,,,,,,,,
8,warm,25,29-5-2014,0,0,NA,1.325599233,0.87,1.153271333,292.5,247.5,150,50,260,410,0,,,,,,,,
9,cold,25,29-5-2014,0,0,NA,4.692887739,0.87,4.082812333,440,812.5,252.5,82.5,865,875,0,,,,,,,,
1,warm,26,2-6-2014,21.98429693,0,0,1.535430268,0.87,1.335824333,730,850,422.5,120,397.5,845,NA,,,,,,,,
2,cold,26,2-6-2014,0,0,NA,4.513032567,0.87,3.926338333,592.5,807.5,580,80,602.5,1270,NA,,,,,,,,
3,cold,26,2-6-2014,0,0,NA,5.702075095,0.87,4.960805333,540,1525,597.5,102.5,575,1545,NA,,,,,,,,
5,warm,26,2-6-2014,0,0,NA,1.438841379,0.87,1.251792,275,175,100,52.5,227.5,840,NA,,,,,,,,
6,warm,26,2-6-2014,0,0,NA,2.667851724,0.87,2.321031,1250,2140,285,87.5,570,1325,NA,,,,,,,,
7,cold,26,2-6-2014,0,0,NA,8.629717624,0.87,7.507854333,765,3242.5,792.5,157.5,785,1757.5,NA,,,,,,,,
8,warm,26,2-6-2014,7.280513919,0,NA,1.462155939,0.87,1.272075667,520,320,362.5,122.5,365,857.5,NA,,,,,,,,
9,cold,26,2-6-2014,0,0,NA,6.92775479,0.87,6.027146667,657.5,1882.5,1620,135,950,1787.5,NA,,,,,,,,
1,warm,27,5-6-2014,19.62883655,0,0,1.495462452,0.87,1.301052333,800,465,172.5,82.5,330,772.5,NA,,,,,,,,
2,cold,27,5-6-2014,0,0,NA,5.715397701,0.87,4.972396,662.5,1225,812.5,97.5,592.5,1202.5,NA,,,,,,,,
3,cold,27,5-6-2014,0,0,NA,5.695413793,0.87,4.95501,922.5,1885,1057.5,92.5,622.5,1090,NA,,,,,,,,
5,warm,27,5-6-2014,0,0,NA,3.287352874,0.87,2.859997,495,402.5,400,77.5,345,1307.5,NA,,,,,,,,
6,warm,27,5-6-2014,0,0,NA,2.80773908,0.87,2.442733,967.5,1405,597.5,107.5,405,1387.5,NA,,,,,,,,
7,cold,27,5-6-2014,0,0,NA,8.376588123,0.87,7.287631667,1622.5,4205,1280,150,570,1052.5,NA,,,,,,,,
8,warm,27,5-6-2014,9.493219129,0,NA,NA,NA,NA,510,352.5,455,87.5,260,955,NA,,,,,,,,
9,cold,27,5-6-2014,0,0,NA,13.35724414,0.87,11.6208024,865,2590,1652.5,190,902.5,1340,NA,,,,,,,,
1,warm,28,10-6-2014,18.62955032,0,0.248803828,2.01171341,0.87,1.750190667,330,87.5,100,87.5,347.5,945,NA,,,,,,,,
2,cold,28,10-6-2014,0,0,NA,11.07441571,0.87,9.634741667,760,3485,772.5,95,687.5,1120,NA,,,,,,,,
3,cold,28,10-6-2014,0,0,NA,9.235896169,0.87,8.035229667,1045,797.5,682.5,442.5,1337.5,2220,NA,,,,,,,,
5,warm,28,10-6-2014,4.068522484,0,NA,2.544617624,0.87,2.213817333,280,107.5,90,52.5,367.5,790,NA,,,,,,,,
6,warm,28,10-6-2014,0,0,NA,2.368093103,0.87,2.060241,562.5,285,92.5,100,407.5,1047.5,NA,,,,,,,,
7,cold,28,10-6-2014,0,0,NA,9.012742529,0.87,7.841086,1402.5,2610,415,357.5,1740,1177.5,NA,,,,,,,,
8,warm,28,10-6-2014,12.99072091,0,NA,3.993450957,0.87,3.474302333,380,172.5,190,130,335,887.5,NA,,,,,,,,
9,cold,28,10-6-2014,3.854389722,0,NA,5.9618659,0.87,5.186823333,595,550,280,260,1065,1737.5,NA,,,,,,,,
1,warm,29,12-6-2014,18.05852962,0,0.277777778,1.855172797,0.87,1.614000333,535,310,205,145,605,857.5,NA,,,,,,,,
2,cold,29,12-6-2014,0,0,NA,13.55908161,0.87,11.796401,1307.5,4442.5,980,180,892.5,987.5,NA,,,,,,,,
3,cold,29,12-6-2014,0,0,NA,8.306644445,0.87,7.226780667,1310,1112.5,1542.5,280,1012.5,1182.5,NA,,,,,,,,
5,warm,29,12-6-2014,4.639543183,0,NA,1.518777011,0.87,1.321336,407.5,240,290,52.5,247.5,677.5,NA,,,,,,,,
6,warm,29,12-6-2014,7.280513919,0,0,2.191568583,0.87,1.906664667,725,332.5,120,67.5,447.5,1207.5,NA,,,,,,,,
7,cold,29,12-6-2014,0,0,NA,8.852871264,0.87,7.701998,2302.5,2617.5,780,185,905,1135,NA,,,,,,,,
8,warm,29,12-6-2014,14.13276231,0,NA,1.921785824,0.87,1.671953667,542.5,372.5,365,142.5,392.5,777.5,NA,,,,,,,,
9,cold,29,12-6-2014,3.997144897,0,NA,6.674625287,0.87,5.806924,822.5,905,745,230,752.5,1420,NA,,,,,,,,
1,warm,30,16-6-2014,6.13847252,0,NA,1.808543678,0.87,1.573433,4935,1535,10,415,1945,62.5,NA,,,,,,,,
2,cold,30,16-6-2014,0,0,NA,12.61983793,0.87,10.979259,1045,4312.5,147.5,565,3387.5,145,NA,,,,,,,,
3,cold,30,16-6-2014,0,0,NA,13.2726456,0.87,11.54720167,2500,4725,65,672.5,3860,117.5,NA,,,,,,,,
5,warm,30,16-6-2014,5.353319058,0,NA,4.646258621,0.87,4.042245,2175,2325,32.5,537.5,1987.5,65,NA,,,,,,,,
6,warm,30,16-6-2014,8.06566738,0,0,3.487191954,0.87,3.033857,5300,3607.5,7.5,577.5,2457.5,90,NA,,,,,,,,
7,cold,30,16-6-2014,0,0,NA,5.778680077,0.87,5.027451667,6962.5,3157.5,97.5,677.5,2662.5,152.5,NA,,,,,,,,
8,warm,30,16-6-2014,15.48893647,0,NA,1.881818008,0.87,1.637181667,3245,1777.5,22.5,385,1312.5,37.5,NA,,,,,,,,
9,cold,30,16-6-2014,4.996431121,0,NA,7.537263985,0.87,6.557419667,4680,3182.5,37.5,515,2452.5,95,NA,,,,,,,,
1,warm,31,19-6-2014,27.33761599,0.452050371,0.413284133,1.075800383,0.87,0.935946333,3090,1580,10,340,1250,15,NA,,,,,,,,
2,cold,31,19-6-2014,13.49036403,0,0,8.196732951,0.87,7.131157667,877.5,2647.5,47.5,402.5,2600,57.5,NA,,,,,,,,
3,cold,31,19-6-2014,8.993576017,0,0,15.05121341,0.87,13.09455567,4532.5,4912.5,80,740,4020,177.5,NA,,,,,,,,
5,warm,31,19-6-2014,14.98929336,0,0.73553719,3.260707663,0.87,2.836815667,867.5,1105,12.5,182.5,1097.5,37.5,NA,,,,,,,,
6,warm,31,19-6-2014,20.41399001,0,0,1.135752107,0.87,0.988104333,7730,3975,5,547.5,2187.5,32.5,NA,,,,,,,,
7,cold,31,19-6-2014,18.55817273,0,0,4.080047893,0.87,3.549641667,5350,2427.5,35,342.5,1792.5,65,NA,,,,,,,,
8,warm,31,19-6-2014,17.98715203,0,NA,2.248189655,0.87,1.955925,1590,1185,12.5,217.5,932.5,35,NA,,,,,,,,
9,cold,31,19-6-2014,23.91149179,0,0.345381526,7.780401532,0.87,6.768949333,2407.5,1995,27.5,377.5,1765,30,NA,,,,,,,,
1,warm,32,24-6-2014,25.48179872,0,1.669724771,1.172389272,0.87,1.019978667,2867.5,1517.5,7.5,525,2245,70,NA,,,,,,,,
2,cold,32,24-6-2014,20.77087794,0,0,2.344778544,0.87,2.039957333,742.5,1392.5,25,422.5,3002.5,112.5,NA,,,,,,,,
3,cold,32,24-6-2014,0,0,NA,27.78429348,0.87,24.17233533,16557.5,7022.5,85,1437.5,4055,242.5,NA,,,,,,,,
5,warm,32,24-6-2014,28.90792291,0,0.416083916,2.154931417,0.87,1.874790333,1077.5,1530,27.5,335,1940,77.5,NA,,,,,,,,
6,warm,32,24-6-2014,33.40471092,0,0.141463415,1.522107663,0.87,1.324233667,4800,1580,10,707.5,2827.5,82.5,NA,,,,,,,,
7,cold,32,24-6-2014,25.69593148,0,0.19205298,4.366483908,0.87,3.798841,6872.5,3267.5,45,507.5,2127.5,117.5,NA,,,,,,,,
8,warm,32,24-6-2014,29.69307637,0,1.666666667,3.923507279,0.87,3.413451333,1960,1892.5,40,350,1955,117.5,NA,,,,,,,,
9,cold,32,24-6-2014,26.90935046,0,0.386029412,9.036057089,0.87,7.861369667,3072.5,2427.5,35,372.5,2192.5,77.5,NA,,,,,,,,
1,warm,33,26-6-2014,29.05067809,0,1.939655172,1.572067433,0.87,1.367698667,1862.5,1410,10,420,1897.5,42.5,NA,,,,,,,,
2,cold,33,26-6-2014,23.62598144,0,0,2.168254023,0.87,1.886381,1425,2302.5,62.5,932.5,4697.5,195,NA,,,,,,,,
3,cold,33,26-6-2014,0,0,NA,29.05410431,0.87,25.27707075,20287.5,7927.5,112.5,1470,3952.5,292.5,NA,,,,,,,,
5,warm,33,26-6-2014,33.69022127,0,0.329577465,2.687835632,0.87,2.338417,1085,1637.5,5,212.5,1525,77.5,NA,,,,,,,,
6,warm,33,26-6-2014,34.40399714,0,0.134117647,1.958422989,0.87,1.703828,4477.5,2695,22.5,297.5,1762.5,60,NA,,,,,,,,
7,cold,33,26-6-2014,26.33832976,0,0.164037855,4.256572414,0.87,3.703218,4192.5,2197.5,32.5,295,1800,77.5,NA,,,,,,,,
8,warm,33,26-6-2014,33.61884368,0,1.160550459,4.080047893,0.87,3.549641667,1607.5,1727.5,10,272.5,1837.5,100,NA,,,,,,,,
9,cold,33,26-6-2014,27.12348323,0,0.381818182,8.902831034,0.87,7.745463,1792.5,2932.5,47.5,267.5,1800,92.5,NA,,,,,,,,
1,warm,34,30-6-2014,43.7544611,0,1.653465347,1.598712644,0.87,1.39088,1910,1282.5,12.5,1267.5,3022.5,165,NA,,,,,,,,
2,cold,34,30-6-2014,32.26266952,0,0,2.934303831,0.87,2.552844333,2167.5,1242.5,17.5,1750,4362.5,185,NA,,,,,,,,
3,cold,34,30-6-2014,11.49179158,0,0,17.91557356,0.87,15.586549,7900,3240,40,1970,4892.5,102.5,NA,,,,,,,,
5,warm,34,30-6-2014,41.25624554,0.322893122,0.301801802,3.4772,0.87,3.025164,1762.5,950,2.5,1175,2182.5,117.5,NA,,,,,,,,
6,warm,34,30-6-2014,39.7573162,0,0.162839248,3.913515325,0.87,3.404758333,1470,817.5,2.5,987.5,2392.5,102.5,NA,,,,,,,,
7,cold,34,30-6-2014,31.76302641,0,0.143958869,1.968414943,0.87,1.712521,3235,787.5,5,1437.5,1877.5,75,NA,,,,,,,,
8,warm,34,30-6-2014,39.82869379,0,0.696048632,5.798663985,0.87,5.044837667,2492.5,1182.5,25,1712.5,3712.5,247.5,NA,,,,,,,,
9,cold,34,30-6-2014,30.83511777,0,0.380191693,4.403121072,0.87,3.830715333,5452.5,1675,20,1630,3030,102.5,NA,,,,,,,,
1,warm,35,2-7-2014,56.17416131,0,1.104166667,2.038358621,0.87,1.773372,1320,1182.5,10,610,2165,80,NA,,,,,,,,
2,cold,35,2-7-2014,35.61741613,0,0,2.947626437,0.87,2.564435,4550,2175,12.5,1490,5057.5,187.5,NA,,,,,,,,
3,cold,35,2-7-2014,14.2041399,0,0,11.16767395,0.87,9.715876333,4060,2542.5,15,755,2667.5,97.5,NA,,,,,,,,
5,warm,35,2-7-2014,39.04354033,0,0.330900243,5.155848276,0.87,4.485588,2087.5,1412.5,12.5,612.5,1767.5,97.5,NA,,,,,,,,
6,warm,35,2-7-2014,41.75588865,0,0.147058824,5.615478161,0.87,4.885466,1480,1460,30,420,1675,102.5,NA,,,,,,,,
7,cold,35,2-7-2014,31.97715917,0,0.148717949,0.849316092,0.87,0.738905,3467.5,1297.5,5,277.5,1175,37.5,NA,,,,,,,,
8,warm,35,2-7-2014,38.47251963,0,0.653374233,4.856089655,0.87,4.224798,2650,1602.5,25,427.5,1767.5,120,NA,,,,,,,,
9,cold,35,2-7-2014,33.33333333,0,0.373529412,2.514641762,0.87,2.187738333,6320,2242.5,17.5,377.5,1675,50,NA,,,,,,,,
1,warm,36,7-7-2014,72.87651677,0,0.718574109,2.514641762,0.87,2.187738333,3350,1217.5,12.5,495,2300,155,NA,,,,,,,,
2,cold,36,7-7-2014,41.75588865,0,0,4.51969387,0.87,3.932133667,11907.5,2572.5,25,1152.5,3592.5,225,NA,,,,,,,,
3,cold,36,7-7-2014,21.34189864,0,0,2.621222606,0.87,2.280463667,7102.5,2050,22.5,735,3065,62.5,NA,,,,,,,,
5,warm,36,7-7-2014,31.47751606,0,0.664150943,4.179967433,0.87,3.636571667,1965,1025,15,360,1375,85,NA,,,,,,,,
6,warm,36,7-7-2014,45.18201285,0,0.130357143,2.741126054,0.87,2.384779667,1952.5,655,2.5,400,1465,92.5,NA,,,,,,,,
7,cold,36,7-7-2014,35.40328337,0,0.249370277,1.462155939,0.87,1.272075667,3267.5,822.5,7.5,382.5,1340,60,NA,,,,,,,,
8,warm,36,7-7-2014,42.32690935,0,0.552356021,4.846097701,0.87,4.216105,2162.5,1032.5,22.5,670,2285,122.5,NA,,,,,,,,
9,cold,36,7-7-2014,37.4732334,0,0.3671875,2.711150192,0.87,2.358700667,4450,1480,20,585,1682.5,110,NA,,,,,,,,
1,warm,37,10-7-2014,78.22983583,0,0.751851852,2.727803448,0.87,2.373189,3180,1620,12.5,530,2267.5,117.5,NA,,,,,,,,
2,cold,37,10-7-2014,43.1834404,0,0,4.44641954,0.87,3.868385,9537.5,2247.5,37.5,737.5,2160,155,NA,,,,,,,,
3,cold,37,10-7-2014,22.91220557,0,0,1.25399023,0.87,1.0909715,4645,1067.5,7.5,695,1467.5,45,NA,,,,,,,,
5,warm,37,10-7-2014,30.6923626,0,0.575091575,7.84701456,0.87,6.826902667,1770,1080,10,665,2135,142.5,NA,,,,,,,,
6,warm,37,10-7-2014,44.11134904,0,0.111510791,4.486387356,0.87,3.903157,2020,910,5,717.5,1597.5,82.5,NA,,,,,,,,
7,cold,37,10-7-2014,33.76159886,0,0.306629834,1.918455172,0.87,1.669056,317.5,185,5,72.5,607.5,47.5,NA,,,,,,,,
8,warm,37,10-7-2014,45.25339044,0,0.613231552,6.321576245,0.87,5.499771333,2800,1297.5,10,855,2362.5,100,NA,,,,,,,,
9,cold,37,10-7-2014,39.68593862,0,0.362745098,2.078326437,0.87,1.808144,3557.5,1622.5,12.5,680,3160,125,NA,,,,,,,,
1,warm,38,14-7-2014,74.01855817,0,2.389121339,3.770297318,0.87,3.280158667,3797.5,2452.5,32.5,2700,4890,212.5,NA,,,,,,,,
2,cold,38,14-7-2014,36.11705924,0,0,13.60238008,0.87,11.83407067,11192.5,3802.5,127.5,5702.5,9397.5,897.5,NA,,,,,,,,
3,cold,38,14-7-2014,29.47894361,0,0.315286624,1.855172797,0.87,1.614000333,5352.5,1725,22.5,4950,8425,225,NA,,,,,,,,
5,warm,38,14-7-2014,27.2662384,0,1.598639456,4.899388123,0.87,4.262467667,2402.5,1367.5,45,1770,2632.5,180,NA,,,,,,,,
6,warm,38,14-7-2014,44.11134904,0,0.107632094,3.32732069,0.87,2.894769,4830,3332.5,52.5,2577.5,6110,242.5,NA,,,,,,,,
7,cold,38,14-7-2014,32.69093505,0,0.607017544,1.68864023,0.87,1.469117,1617.5,1070,25,1837.5,3505,265,NA,,,,,,,,
8,warm,38,14-7-2014,42.25553176,0,0.799392097,5.345695402,0.87,4.650755,3655,1932.5,80,5450,8262.5,322.5,NA,,,,,,,,
9,cold,38,14-7-2014,45.03925767,0,0.374727669,3.693692337,0.87,3.213512333,2950,1840,40,5140,7645,315,NA,,,,,,,,
1,warm,39,21-7-2014,63.38329764,0,7.538461538,7.207529502,0.87,6.270550667,1180,1017.5,90,2390,4002.5,160,NA,,,,,,,,
2,cold,39,21-7-2014,38.40114204,0,0.130252101,17.32604828,0.87,15.073662,5142.5,1470,45,4285,9340,732.5,NA,,,,,,,,
3,cold,39,21-7-2014,44.18272662,0,0.554945055,2.591246744,0.87,2.254384667,2495,1307.5,20,3822.5,5180,272.5,NA,,,,,,,,
5,warm,39,21-7-2014,27.76588151,0,2.062992126,6.205003448,0.87,5.398353,1942.5,985,87.5,2507.5,2525,177.5,NA,,,,,,,,
6,warm,39,21-7-2014,46.10992148,0,0.139215686,5.412308429,0.87,4.708708333,4985,2570,65,5007.5,6047.5,400,NA,,,,,,,,
7,cold,39,21-7-2014,43.61170592,0,0.603674541,2.817731034,0.87,2.451426,792.5,845,25,1530,4835,400,NA,,,,,,,,
8,warm,39,21-7-2014,46.53818701,0,1.195286195,3.373949808,0.87,2.935336333,2537.5,1290,32.5,4140,7065,262.5,NA,,,,,,,,
9,cold,39,21-7-2014,58.45824411,0,0.297939778,2.494657854,0.87,2.170352333,4290,2205,57.5,5287.5,8972.5,445,NA,,,,,,,,
1,warm,40,24-7-2014,63.88294076,0,4.559006211,4.156652874,0.87,3.616288,932.5,975,37.5,1705,3835,130,NA,,,,,,,,
2,cold,40,24-7-2014,39.54318344,0,0.14699793,7.247497318,0.87,6.305322667,4140,1745,32.5,3442.5,5352.5,437.5,NA,,,,,,,,
3,cold,40,24-7-2014,50.46395432,0,0.468468468,2.601238698,0.87,2.263077667,2325,2577.5,25,3342.5,8862.5,242.5,NA,,,,,,,,
5,warm,40,24-7-2014,27.8372591,0,2.170731707,4.149991571,0.87,3.610492667,1257.5,850,32.5,1670,2160,125,NA,,,,,,,,
6,warm,40,24-7-2014,46.25267666,0.322893122,0.142284569,4.689557089,0.87,4.079914667,1157.5,1852.5,57.5,1670,6432.5,415,NA,,,,,,,,
7,cold,40,24-7-2014,52.248394,0,0.47505423,1.968414943,0.87,1.712521,690,862.5,40,820,3022.5,320,NA,,,,,,,,
8,warm,40,24-7-2014,54.38972163,0,1.410958904,2.724472797,0.87,2.370291333,2027.5,1422.5,35,4262.5,9530,297.5,NA,,,,,,,,
9,cold,40,24-7-2014,61.74161313,0,0.279585799,3.347304598,0.87,2.912155,3587.5,2400,55,4365,8140,355,NA,,,,,,,,
1,warm,41,29-7-2014,56.17416131,0.322893122,4.465277778,3.613756705,0.87,3.143968333,612.5,615,30,2240,3460,67.5,NA,,,,,,,,
2,cold,41,29-7-2014,37.61598858,0,0.160792952,7.77374023,0.87,6.763154,1045,685,2.5,5872.5,6340,290,NA,,,,,,,,
3,cold,41,29-7-2014,56.60242684,0,0.322003578,3.983459003,0.87,3.465609333,1165,1185,7.5,5077.5,10432.5,157.5,NA,,,,,,,,
5,warm,41,29-7-2014,26.62384011,0,2.271929825,3.870216859,0.87,3.367088667,577.5,647.5,25,2595,2742.5,65,NA,,,,,,,,
6,warm,41,29-7-2014,45.82441113,0.355182435,0.170526316,4.509701916,0.87,3.923440667,1132.5,2310,12.5,2022.5,7080,275,NA,,,,,,,,
7,cold,41,29-7-2014,55.46038544,0,0.346296296,3.483861302,0.87,3.030959333,567.5,775,10,1260,4835,242.5,NA,,,,,,,,
8,warm,41,29-7-2014,57.03069236,0,1.695970696,1.905132567,0.87,1.657465333,1002.5,812.5,10,2767.5,12755,277.5,NA,,,,,,,,
9,cold,41,29-7-2014,57.03069236,0.322893122,0.331666667,3.860224905,0.87,3.358395667,2167.5,2517.5,47.5,4815,9190,240,NA,,,,,,,,
1,warm,42,31-7-2014,59.88579586,0.516628996,2.452674897,2.468012644,0.87,2.147171,572.5,527.5,12.5,1002.5,2237.5,17.5,NA,,,,,,,,
2,cold,42,31-7-2014,46.18129907,0.322893122,0.157423971,7.660498084,0.87,6.664633333,1382.5,770,0,2590,4777.5,187.5,NA,,,,,,,,
3,cold,42,31-7-2014,64.45396146,0.322893122,0.307098765,4.176636782,0.87,3.633674,1712.5,1900,12.5,3520,9565,202.5,NA,,,,,,,,
5,warm,42,31-7-2014,28.9793005,0.322893122,1.602564103,2.494657854,0.87,2.170352333,582.5,472.5,5,957.5,2062.5,42.5,NA,,,,,,,,
6,warm,42,31-7-2014,49.32191292,0.419761059,0.228865979,3.80027318,0.87,3.306237667,902.5,1520,12.5,1255,5160,272.5,NA,,,,,,,,
7,cold,42,31-7-2014,52.31977159,0.322893122,0.288224956,2.314802682,0.87,2.013878333,497.5,625,12.5,880,3477.5,152.5,NA,,,,,,,,
8,warm,42,31-7-2014,67.09493219,0.355182435,1.473087819,1.275639463,0.87,1.109806333,662.5,600,2.5,1497.5,10937.5,285,NA,,,,,,,,
9,cold,42,31-7-2014,61.9557459,0,0.427631579,5.562187739,0.87,4.839103333,1445,2027.5,27.5,2555,5695,110,NA,,,,,,,,
1,warm,43,4-8-2014,54.31834404,0.355182435,2.490825688,1.88847931,0.87,1.642977,755,627.5,7.5,1997.5,5010,82.5,NA,,,,,,,,
2,cold,43,4-8-2014,50.96359743,0,0.151612903,10.8079636,0.87,9.402928333,1770,1095,7.5,2740,7925,345,NA,,,,,,,,
3,cold,43,4-8-2014,63.16916488,0,0.343137255,13.57240422,0.87,11.80799167,2055,2995,42.5,4785,13910,307.5,NA,,,,,,,,
5,warm,43,4-8-2014,29.97858672,0,1.608695652,2.564601532,0.87,2.231203333,630,580,15,1630,4232.5,72.5,NA,,,,,,,,
6,warm,43,4-8-2014,51.10635261,0.387471747,0.353448276,2.811069732,0.87,2.445630667,1025,1335,27.5,1322.5,5912.5,170,NA,,,,,,,,
7,cold,43,4-8-2014,52.89079229,0,0.29566855,6.897778928,0.87,6.001067667,602.5,1415,35,1182.5,4660,182.5,NA,,,,,,,,
8,warm,43,4-8-2014,72.94789436,0,1.857142857,2.211552491,0.87,1.924050667,787.5,1162.5,22.5,1705,14187.5,582.5,NA,,,,,,,,
9,cold,43,4-8-2014,54.67523198,0,0.47024952,10.94452031,0.87,9.521732667,1430,2460,35,2260,5990,110,NA,,,,,,,,
1,warm,44,7-8-2014,59.60028551,0,1.420289855,1.422188123,0.87,1.237303667,692.5,455,5,1417.5,4047.5,62.5,NA,,,,,,,,
2,cold,44,7-8-2014,57.24482512,0,0.088195387,7.75042567,0.87,6.742870333,845,617.5,5,2420,8387.5,227.5,NA,,,,,,,,
3,cold,44,7-8-2014,66.59528908,0,0.32,9.758808429,0.87,8.490163333,2607.5,2325,35,2872.5,9090,140,NA,,,,,,,,
5,warm,44,7-8-2014,33.90435403,0.484339684,1.092511013,3.017570115,0.87,2.625286,720,677.5,10,1355,4710,110,NA,,,,,,,,
6,warm,44,7-8-2014,54.17558887,0.387471747,0.498901099,2.821061686,0.87,2.454323667,1257.5,1232.5,12.5,1887.5,9185,232.5,NA,,,,,,,,
7,cold,44,7-8-2014,49.46466809,0,0.284274194,4.682895785,0.87,4.074119333,552.5,642.5,52.5,907.5,2900,135,NA,,,,,,,,
8,warm,44,7-8-2014,79.30049964,0,1.778688525,3.222405172,0.87,2.8034925,967.5,1112.5,37.5,1082.5,10522.5,612.5,NA,,,,,,,,
9,cold,44,7-8-2014,56.2455389,0,0.409660107,7.830361302,0.87,6.812414333,1572.5,1635,32.5,1902.5,6010,167.5,NA,,,,,,,,
1,warm,45,11-8-2014,57.60171306,0,1.254189944,1.145744061,0.87,0.996797333,717.5,470,5,642.5,2295,20,NA,,,,,,,,
2,cold,45,11-8-2014,67.16630978,0,0,3.267368966,0.87,2.842611,652.5,540,25,957.5,3865,130,NA,,,,,,,,
3,cold,45,11-8-2014,69.23625981,0,0.326120556,7.513949425,0.87,6.537136,2077.5,1657.5,25,1810,7455,177.5,NA,,,,,,,,
5,warm,45,11-8-2014,40.61384725,0,0.584958217,3.580450192,0.87,3.114991667,542.5,540,25,1502.5,6265,87.5,NA,,,,,,,,
6,warm,45,11-8-2014,59.17201999,0,0.789838337,2.218213793,0.87,1.929846,1075,1092.5,7.5,1012.5,5042.5,122.5,NA,,,,,,,,
7,cold,45,11-8-2014,46.68094218,0,0.291576674,4.236588506,0.87,3.685832,362.5,547.5,47.5,1050,3100,142.5,NA,,,,,,,,
8,warm,45,11-8-2014,88.6509636,0,2.328530259,5.948543295,0.87,5.175232667,1755,1810,20,1545,8412.5,162.5,NA,,,,,,,,
9,cold,45,11-8-2014,53.10492505,0,0.312169312,8.123458621,0.87,7.067409,1050,795,10,1690,5647.5,155,NA,,,,,,,,
1,warm,46,14-8-2014,67.73733048,0,1.032119914,0.835993486,0.87,0.727314333,455,370,2.5,745,2707.5,42.5,NA,,,,,,,,
2,cold,46,14-8-2014,79.37187723,0,0,1.488801149,0.87,1.295257,515,352.5,12.5,660,2455,75,NA,,,,,,,,
3,cold,46,14-8-2014,72.44825125,0,0.357142857,3.720337548,0.87,3.236693667,1502.5,942.5,15,1427.5,6120,120,NA,,,,,,,,
5,warm,46,14-8-2014,49.89293362,0.322893122,0.462343096,3.843571647,0.87,3.343907333,602.5,697.5,27.5,1450,7232.5,217.5,NA,,,,,,,,
6,warm,46,14-8-2014,52.17701642,0,1.208459215,1.528768966,0.87,1.330029,907.5,920,15,1012.5,7890,207.5,NA,,,,,,,,
7,cold,46,14-8-2014,45.75303355,0,0.310810811,7.317440997,0.87,6.366173667,312.5,622.5,87.5,465,1815,42.5,NA,,,,,,,,
8,warm,46,14-8-2014,97.00214133,0,2.824404762,9.009411877,0.87,7.838188333,3585,3005,30,1380,11795,305,NA,,,,,,,,
9,cold,46,14-8-2014,64.23982869,0,0.29204893,3.339810632,0.87,2.90563525,722.5,765,17.5,1292.5,4607.5,125,NA,,,,,,,,
